<?xml version="1.0" encoding="UTF-8"?>
<project-private xmlns="http://www.netbeans.org/ns/project-private/1">
    <editor-bookmarks xmlns="http://www.netbeans.org/ns/editor-bookmarks/2" lastBookmarkId="0"/>
    <open-files xmlns="http://www.netbeans.org/ns/projectui-open-files/2">
        <group>
            <file>file:/C:/xampp/htdocs/FortinRestaurant/webservice/getAllSettings.php</file>
            <file>file:/C:/xampp/htdocs/FortinRestaurant/orderDetail.php</file>
            <file>file:/C:/xampp/htdocs/FortinRestaurant/webservice/getAllDish.php</file>
            <file>file:/C:/xampp/htdocs/FortinRestaurant/webservice/activeTablesWithOrderId.php</file>
            <file>file:/C:/xampp/htdocs/FortinRestaurant/webservice/changeTable.php</file>
            <file>file:/C:/xampp/htdocs/FortinRestaurant/viewOrderDetail.php</file>
            <file>file:/C:/xampp/htdocs/FortinRestaurant/webservice/getCompleteOrder.php</file>
        </group>
    </open-files>
</project-private>
